Workbook

Sheet Светофор
A1: Вузовский трек | B1: Кафедра МФТИ | C1: Академ. программа | D1: Всего | E1: Кафедра МФТИ | F1: Академ. программа | G1: Всего | H1: Кафедра МФТИ | I1: Академ. программа | J1: Всего | L1: 2026 | O1: Бюджет
A2: Преподаватели | B2: 0 | C2: 0 | D2: 0 | E2: 0 | F2: м | G2: 0 | H2: 0 | I2: 0 | J2: 0 | L2: Целевой показатель | M2: 100000000000 | O2: Преподаватели | P2: 122
A3: Экспертиза/актуализация/разработка РПД | B3: 0 | C3: 0 | L3: Расчетный показатель (min) | M3: =C10 -> 0 | O3: РПД | P3: 122222
A4: Экспертиза/актуализация/разработка ООП | B4: 0 | L4: Расчетный показатель (opt) | M4: =F10 -> 0 | O4: Стажировки | P4: 11111111
A5: Практики с трудоустройством | B5: 0 | L5: Расчетный показатель (max) | M5: =I10 -> 0 | O5: ТОП ИТ
A6: Стажировка | B6: 0 | P6: =SUM(P2:P5) -> 11233455
A7: ТОП ИТ/ТОП ИИ | B7: 0
A8: ИТОГО | B8: 0
A9: ИТОГО накопленным итогом
A10: =M2 -> 100000000000 | B10: Можем подтвердить сейчас | C10: =SUM(B9:C9) -> 0 | E10: Можем подтвердить + есть вопросы по подтверждению | F10: =E9+F9 -> 0 | H10: Низкая вероятность подтвердить | I10: =H9+I9 -> 0
A12: Вузовский трек | B12: Риски и нерешенные вопросы
A13: Преподаватели
A14: Экспертиза/актуализация/разработка РПД
A15: Экспертиза/актуализация/разработка ООП
A16: Практики с трудоустройством
A17: Стажировка
A18: ТОП ИТ/ТОП ИИ
A21: Опорные вузы по МЦ 3% (7): | B21: Преподаватели | C21: РПД | D21: ООП | E21: Стажировки | F21: Практики | G21: ТОП ИТ
A22: МФТИ | B22: 12 | C22: 12 | D22: 12 | E22: 12 | F22: 12
A23: Бауманка | B23: 1 | C23: 1
E32: 4
A33: ИТОГО | B33: =SUM(B22:B31) -> 13 | C33: =SUM(C22:C31) -> 13 | D33: =SUM(D22:D31) -> 12 | E33: =SUM(E22:E32) -> 16
A34: Факт | B34: =B22+B23+B24+B25+B30 -> 13 | C34: =C22 -> 12 | E34: =Стажировка!C8+Стажировка!C9+Стажировка!C10 -> 16
A35: В работе | B35: =B26+B27 -> 0 | C35: =РПД!F24 -> 18 | D35: 1 | E35: =Стажировка!C11 -> 2 | F35: 8
A36: Планировали изначально | B36: 10-15 | C36: 15-21 | D36: 0 | E36: 15-21 | F36: 0
A37: Новые преподы | B37: 4
A39: ТОП ИТ (2): | B39: Преподаватели | C39: РПД | D39: ООП | E39: Стажировки | F39: Практики
A40: МИФИ | B40: 12 | C40: 12
A41: МФТИ | B41: 12 | C41: 12
A42: ИТОГО | B42: =SUM(B40:B41) -> 24 | C42: =SUM(C40:C41) -> 24 | D42: =SUM(D40:D41) -> 0 | E42: =SUM(E40:E41) -> 0

Sheet СВОД_финмодель
A1: Вузовский трек | B1: Кафедра МФТИ план | C1: Кафедра МФТИ факт | D1: Академ.программа план | E1: Академ.программа факт | F1: ИТОГО план | G1: ИТОГО факт | H1: Структура факт, % | I1: Структура план, % | J1: Бюджет реализации Программы 3% | K1: Заложено в бюджете | L1: Остаток бюджета | N1: Вузовский трек | O1: % | P1: Сумма
A2: Преподаватели | B2: =SUMIFS(Преподавание!O2:'Преподавание'!O4,Преподавание!H2:H4,"*МФТИ*") -> 8280 | C2: =SUMIFS(Преподавание!O2:'Преподавание'!O4,Преподавание!H2:H4,"*МФТИ*",Преподавание!Y2:Y4,"*да*") -> 8280 | D2: =SUMIFS(Преподавание!O2:'Преподавание'!O4,Преподавание!H2:H4,"<>*МФТИ*") -> 0 | E2: =SUMIFS(Преподавание!O2:'Преподавание'!O4,Преподавание!H2:H4,"<>*МФТИ*",Преподавание!Y2:Y4,"*да*") -> 0 | F2: =B2+D2 -> 8280 | G2: =C2+E2 -> 8280 | H2: =G2/G8 -> #REF! | I2: =F2/$F$8 -> #REF! | J2: ??? | K2: 0 | N2: Преподаватели | O2: 0.1 | P2: =22000000*O2 -> 2200000
A3: Актуализация/экспертиза/разработка РПД | B3: =РПД!J15+РПД!#REF!+РПД!#REF!+РПД!#REF!+РПД!#REF!+РПД!#REF!+РПД!#REF!+РПД!#REF!+РПД!#REF!+РПД!J16 -> #REF! | C3: =B3 -> #REF! | D3: =F3-B3 -> #REF! | E3: 0 | F3: =РПД!J18 -> 320000 | G3: =C3+E3 -> #REF! | H3: =G3/G8 -> #REF! | I3: =F3/$F$8 -> #REF! | J3: 0 | K3: 0 | N3: Актуализация РПД/ООП | O3: 0.1 | P3: =22000000*O3 -> 2200000
A4: Актуализация ООП | B4: =ООП!H23-ООП!H17-ООП!H19 -> 5008880 | C4: 0 | D4: =ООП!H20 -> 0 | E4: 0 | F4: =B4+D4 -> 5008880 | G4: =C4+E4 -> 0 | J4: 0 | K4: 0
A5: Практики с трудоустройством | B5: =#REF! -> #REF! | C5: 0 | D5: 0 | E5: 0 | F5: =B5+D5 -> #REF! | G5: 0 | J5: 0 | K5: 0 | N5: Стажировка | O5: 0.7 | P5: =220000700*O5 -> 154000490
A6: Стажировка | B6: =SUMIF(Стажировка!C3:C5,"*МФТИ*",Стажировка!#REF!:Стажировка!#REF!) -> #REF! | C6: =SUMIFS(Стажировка!#REF!:Стажировка!#REF!, Стажировка!#REF!:Стажировка!#REF!,"*МФТИ*", Стажировка!#REF!:Стажировка!#REF!,"<>*Поиск кандидата*") -> #REF! | D6: =SUMIF(Стажировка!C3:C5,"<>*МФТИ*",Стажировка!#REF!:Стажировка!#REF!) -> #REF! | E6: =SUMIFS(Стажировка!#REF!:Стажировка!#REF!, Стажировка!#REF!:Стажировка!#REF!,"<>*МФТИ*", Стажировка!#REF!:Стажировка!#REF!,"<>*Поиск кандидата*") -> #REF! | F6: =B6+D6 -> #REF! | G6: =C6+E6 -> #REF! | H6: =G6/G8 -> #REF! | I6: =F6/$F$8 -> #REF! | J6: =Стажировка!#REF!+Стажировка!L3+Стажировка!L4+Стажировка!L5+Стажировка!#REF! -> #REF! | K6: 0 | N6: ТОП ИТ/ТОП ИИ | O6: 0.1 | P6: =220007000*O6 -> 22000700
A7: ТОП ИТ/ТОП ИИ | B7: 0 | C7: 0 | D7: 2150000 | E7: 0 | F7: =D7 -> 2150000 | G7: 0 | H7: =G7/G8 -> #REF! | I7: =F7/$F$8 -> #REF! | J7: =F7 -> 2150000 | K7: 17200000 | N7: ИТОГО | P7: =SUM(P2:P6) -> 180401190
A8: ИТОГО | B8: =SUM(B2:B7) -> #REF! | C8: =SUM(C2:C7) -> #REF! | D8: =SUM(D2:D7) -> #REF! | E8: =SUM(E2:E7) -> #REF! | F8: =F2+F3+F6+F7 -> #REF! | G8: =SUM(G2:G7) -> #REF! | H8: =SUM(H2:H7) -> #REF! | I8: =F8/$F$8 -> #REF! | J8: =SUM(J2:J7) -> #REF! | K8: =SUM(K2:K7) -> 17200000 | L8: =K8-J6-J7 -> #REF!
A9: Вклад, % | B9: =B8/B17 -> #REF! | C9: =C8/G8 -> #REF! | D9: =D8/B17 -> #REF! | E9: =E8/G8 -> #REF! | F9: =F8/B16-1 -> #REF! | G9: =G8/B16-1 -> #REF!
B10: =B2+B3+B6 -> #REF! | D10: =D2+D3/2+D6/2+D7 -> #REF!
A11: Предоставление контента школьникам | B11: =1000*1*6800 -> 6800000 | D11: как считать?
A12: Предоставление контента педагогам | B12: =200*1*8590 -> 1718000 | D12: как считать?
A13: ИТОГО | B13: =SUM(B11:B12) -> 8518000
F14: профицит/дефицит
B15: 2026
A16: Целевой показатель | B16: 120001384
A17: Расчетный показатель (max) | B17: =F8 -> #REF! | C17: =F8+F5+F4 -> #REF! | D17: =F8+F5 -> #REF!
A18: Примерный факт | B18: =G8 -> #REF!
G19: 5

Sheet Преподавание
F1: Статус | G1: Действующие преподаватели | H1: Наименование организации | I1: Кафедра | J1: Курс | K1: Количество ак. часов по договору с вузом | L1: Количество ак.ч. общее | M1: Количество ак.ч. по договору с КП | N1: Сумма по медианному значению | O1: Сумма по медианному значению | P1: Количество ак.ч.: лекции и вебинары | Q1: Оплата по ГПХ | R1: Доплата по ГПХ | S1: Сумма оплаты вузом | T1: Оплата всего: вуз +КП | U1: Факт оплаты | V1: Семестр | W1: Оформление | X1: Комментарии | Y1: Трудойстройство в вузе и КП
E2: 1 | F2: зеленый | G2: Иванов | H2: МФТИ | I2: ТиПИ | J2: МФТИ - Современные архитектуры крупных распределенных программных комплексов и систем | K2: 60 | L2: 1 | M2: 67 | N2: =K2*#REF! -> #REF! | O2: =L2*4140 -> 4140 | P2: 60 | Q2: =P2*4140 -> 248400 | R2: =O2-Q2 -> -244260 | S2: 0 | T2: =R2+S2 -> -244260 | U2: 15.12.2026 | V2: Осень 2026 | Y2: да
E3: 24 | F3: красный | G3: Петров | H3: МФТИ | J3: Дисциплина для преподавания? | K3: 16 | L3: 1 | N3: =K3*#REF! -> #REF! | V3: Осень 2026 | Y3: нет
E4: 15 | F4: зеленый | G4: Сидоров | H4: МФТИ | I4: ТиПИ | J4: Основы построения файловых систем | L4: 1 | O4: =L4*4140 -> 4140 | P4: 60 | Q4: =P4*4140 -> 248400 | R4: =O4-Q4 -> -244260 | S4: 0 | T4: =R4+S4 -> -244260 | V4: Весна 2026 | Y4: да
O5: =SUM(O2:O4) -> 8280 | Q5: =SUM(Q2:Q4) -> 496800 | R5: =SUM(R2:R4) -> -488520 | S5: =SUM(S2:S4) -> 0 | T5: =SUM(T2:T4) -> -488520
G6: ФАКТ
G7: Трудоустроенные преподаватели (вуз + КП) | J7: 9
G8: Сумма зачета | J8: =(SUMIF(Y2:Y4,"да",O2:O4)) -> 8280
G10: ПЛАН
G11: В процессе трудоустройства | J11: 6
G12: Сумма зачета | J12: =(SUMIF(Y2:Y4,"нет",O2:O4)) -> 0 | W12: Сентябрь - декабрь 2026
G14: ИТОГО
G15: Всего преподавателей | J15: =J7+J11 -> 15
G16: Сумма зачета | J16: =J8+J12 -> 8280

Sheet РПД
A1: ФАКТ
D2: Дисциплина | E2: Авторы | F2: Фактическое преподавание | H2: Вуз | I2: Статус | J2: Суммы | N2: Семестр | O2: Курс обучения | P2: Уровень обучения
A3: 1 | D3: Современные архитектуры крупных распределенных программных комплексов и систем | E3: Иван Куриленко | F3: Иван Куриленко | H3: МФТИ | I3: Актуализация | J3: 160000 | N3: 9 | O3: 5 | P3: Магистратура
A4: 2 | D4: Наблюдаемость и мониторинг | E4: Евгений Лямкин | F4: Евгений Лямкин | H4: МФТИ | I4: Актуализация | J4: 160000 | N4: 11 | O4: 6 | P4: Магистратура
A5: 3 | D5: Программирование на GO от основ до микросервисов | E5: Валерий Батурин | F5: Валерий Батурин | H5: МФТИ | I5: Актуализация | J5: 160000 | N5: 10 | O5: 5 | P5: Магистратура
A6: 4 | D6: Solution Architect в решении бизнес-задач | E6: Валерий Батурин | F6: Валерий Батурин | H6: МФТИ | I6: Разработка | J6: 300000 | N6: 7 | O6: 4 | P6: Бакалавриат
A7: 5 | D7: Техническая и научная коммуникация | E7: Виктор Старостин | F7: Виктор Старостин | H7: МФТИ | I7: Актуализация | J7: 160000 | N7: 11 | O7: 6 | P7: Магистратура
A8: 6 | D8: Теория и практика многопоточного программирования | E8: Старостин Виктор Бочерова Елена Неганов Алексей | F8: Неганов Алексей | H8: МФТИ | I8: Актуализация | J8: 160000 | N8: 6 | O8: 3 | P8: Бакалавриат
A9: 7 | D9: Технологии разработки программного обеспечения | E9: Бочерова Елена Руснак Александр | F9: Руснак Александр | H9: МФТИ | I9: Актуализация | J9: 160000 | N9: 6 | O9: 3 | P9: Бакалавриат
A10: 8 | D10: Архитектура CPU | E10: Бочерова Елена Батурин Валерий Саари Полина | F10: Костюшко Алексей | H10: МФТИ | I10: Актуализация | J10: 160000 | N10: 8 | O10: 4 | P10: Бакалавриат
A11: 9 | D11: Основы построения файловых систем | E11: Старостин Виктор Бочерова Елена Неганов Алексей Батурин Валерий | F11: Неганов Алексей | H11: МФТИ | I11: Актуализация | J11: 160000 | N11: 7 | O11: 4 | P11: Бакалавриат
A12: 10 | D12: Распределенные системы | E12: Старостин Виктор Бочерова Елена Неганов Алексей Батурин Валерий | F12: Неганов Алексей | H12: МФТИ | I12: Актуализация | J12: 160000 | N12: 8 | O12: 4 | P12: Бакалавриат
B14: Светофор | C14: Программа | D14: Дисциплина | E14: Авторы | F14: Фактическое преподавание | G14: Исполнители | H14: Вуз | I14: Вид | J14: Суммы по медиане | K14: Оплата по ГПХ | L14: Доплата по ГПХ | M14: Текущий статус | N14: Семестр | O14: Курс обучения | P14: Уровень обучения
A15: 1 | B15: желтый | C15: МЦ | D15: Современные архитектуры крупных распределенных программных комплексов и систем | E15: Иванов | F15: Иванов | G15: Иванов | H15: МФТИ | I15: Актуализация | J15: 160000 | K15: 48000 | L15: =J15-K15 -> 112000 | M15: Реализовано нами | N15: 9 | O15: 5 | P15: Магистратура
A16: 10 | B16: зеленый | C16: МЦ | D16: Распределенные системы | E16: Сидоров | F16: Сидоров | G16: Сидоров | H16: МФТИ | I16: Актуализация | J16: 160000 | K16: =J16 -> 160000 | L16: 0 | M16: Утверждено вузом | N16: 8 | O16: 4 | P16: Бакалавриат
A17: 23 | B17: красный | C17: МЦ | E17: Петров | F17: Петров | G17: Петров | H17: МИФИ | I17: Актуализация | J17: 0 | M17: В работе
J18: =SUM(J15:J17) -> 320000 | K18: =SUM(K15:K17) -> 208000 | L18: =SUM(L15:L17) -> 112000
B19: МЦ 3%
B20: Форма | C20: Сумма | D20: Количество | E20: Ждем от вуза | F20: В работе | G20: Реализовано нами | H20: Утверждено вузом | I20: В работе и ждем от вуза
B21: Разработка | C21: =SUMIFS(J15:J16,I15:I16,"*Разработка*",C15:C16,"*МЦ*") -> 0 | D21: 6 | E21: =SUMIFS(J15:J16,I15:I16,"*Разработка*",M15:M16,"*Определен формат*")/300000 -> 0 | F21: =SUMIFS(J15:J16,I15:I16,"*Разработка*",M15:M16,"*В работе*")/300000 -> 0 | G21: =SUMIFS(J15:J16,I15:I16,"*Разработка*",M15:M16,"*Реализовано нами*")/300000 -> 0 | H21: =SUMIFS(J15:J16,I15:I16,"*Разработка*",M15:M16,"*Утверждено вузом*")/300000 -> 0 | I21: =D21-G21 -> 6
B22: Актуализация | C22: =SUMIFS(J15:J16,I15:I16,"*Актуализация*",C15:C16,"*МЦ*") -> 320000 | D22: 4 | E22: =SUMIFS(J15:J16,I15:I16,"*Актуализация*",M15:M16,"*Определен формат*")/160000 -> 0 | F22: 9 | G22: =SUMIFS(J15:J16,I15:I16,"*Актуализация*",M15:M16,"*Реализовано нами*")/160000 -> 1 | H22: =SUMIFS(J15:J16,I15:I16,"*Актуализация*",M15:M16,"*Утверждено вузом*")/160000 -> 1 | I22: =D22-G22 -> 3
B23: Экспертиза | C23: =SUMIFS(J15:J16,I15:I16,"*Экспертиза*",C15:C16,"*МЦ*") -> 0 | D23: 5 | E23: 9 | F23: 9 | G23: 9 | H23: 9 | I23: =D23-G23 -> -4
C24: =SUM(C21:C23) -> 320000 | D24: =SUM(D21:D23) -> 15 | E24: =SUM(E21:E23) -> 9 | F24: =SUM(F21:F23) -> 18 | G24: =SUM(G21:G23) -> 10 | H24: =SUM(H21:H23) -> 10 | I24: =SUM(I21:I23) -> 5
B26: ТОП ИТ
B27: Форма | C27: Сумма | D27: Количество
B28: Разработка | C28: =SUMIFS(J16:J23,I16:I19,"*Разработка*",C16:C23,"*ТОП ИТ*") -> #VALUE! | D28: =C28/300000 -> #VALUE!
B29: Актуализация | C29: =SUMIFS(J16:J23,I16:I19,"*Актуализация*",C16:C23,"*ТОП ИТ*") -> #VALUE! | D29: =C29/160000 -> #VALUE!
B30: Экспертиза | C30: =SUMIFS(J16:J23,I16:I19,"*Экспертиза*",C16:C23,"*ТОП ИТ*") -> #VALUE! | D30: =C30/55000 -> #VALUE!
D31: =SUM(D28:D30) -> #VALUE!

Sheet ООП
A1: Наименование ООП | B1: ВУЗ | C1: Количество | D1: Дисциплина | E1: Курс обучения | F1: Уровень обучения | G1: Статус | H1: Суммы
A2: ООП ФПМИ: | E2: 1 | F2: Бакалавриат | G2: Обновление
A3: Информатика и вычислительная техника – 4 обучающихся | C3: 1 | H3: 626110
A4: Прикладная математика и физика – 1 обучающийся | C4: 1 | H4: 626110
A5: Прикладная математика и информатика – 3 обучающихся | C5: 1 | H5: 626110
A6: ООП ФРКТ:
A7: Прикладная математика и физика – 3 обучающихся | C7: 1 | H7: 626110
A8: ООП ФПМИ: | E8: 1 | F8: Магистратура | G8: Обновление
A9: 09.04.01 – Информатика и вычислительная техника – 5 обучающихся | C9: 1 | H9: 626110
A10: ООП ФРКТ:
A11: 03.04.01 – Прикладная математика и физика – 4 обучающихся | C11: 1 | H11: 626110
A12: ООП ФПМИ: | E12: 1 | F12: Магистратура | G12: Обновление
A13: 09.04.01 – Информатика и вычислительная техника | C13: 1 | H13: 626110
A14: ООП ФРКТ:
A15: 03.04.01 – Прикладная математика и физика | C15: 1 | H15: 626110
A16: ООП ФПМИ: | E16: 1 | F16: Бакалавриат | G16: Обновление
A17: Не знаю сколько штук будет (наборс студентов будет в сентябре 2026). Одна программа точно будет | C17: 1 | H17: 626110
A18: ООП ФРКТ:
A19: Не знаю сколько штук будет (наборс студентов будет в сентябре 2026). Одна программа точно будет | C19: 1 | H19: 626110
A20: Экспертиза ООП ТОП-ИТ (после модернизации) | B20: Томский политехнический университет | C20: 1 | F20: Бакалавриат | G20: Экспертиза | H20: 0 | I20: ТОП ИТ
C23: =SUM(C2:C21) -> 11 | H23: =SUM(H2:H21) -> 6261100

Sheet Стажировка
B2: Светофор | C2: Наименование ОО | D2: ФИО наставника | E2: ФИО стажера | F2: Курс | G2: Специальность | H2: Период стажировки | I2: Продолжительность стажировки в 2026 | J2: Нагрузка студента, часы в месяц | K2: Нагрузка настаника, часы в месяц | L2: Стоимость стажировки, руб. | M2: Текущий статус
A3: 13 | B3: зеленый | C3: МИРЭА | D3: иванов иван | E3: иванов иван | F3: 1 курс | H3: с 04.01.26 по 03.02.27 | I3: 6 | J3: 92 | K3: 20 | L3: =(J3*800+K3*2390)*I3 -> 728400 | M3: Запущена
A4: 14 | B4: зеленый | C4: МИРЭА | D4: иванов иван | E4: иванов иван | F4: 1 курс | H4: с 04.01.26 по 03.02.27 | I4: 6 | J4: 92 | K4: 20 | L4: =(J4*800+K4*2390)*I4 -> 728400 | M4: Запущена
A5: 15 | B5: красный | D5: иванов иван | E5: иванов иван | I5: 3 | J5: 92 | K5: 20 | L5: =(J5*800+K5*2390)*I5 -> 364200 | M5: Поиск кандидата
L6: =SUM(L3:L5) -> 1821000
B7: Статус | C7: Количество | D7: Сумма зачета
B8: Завершена | C8: 6 | D8: =SUMIF(M3:M5,"Завершена",L3:L5) -> 0
B9: Запущена | C9: 7 | D9: =SUMIF(M3:M5,"Запущена",L3:L5) -> 1456800
B10: Кандидат найден | C10: 3 | D10: =SUMIF(M3:M5,"Кандидат найден",L3:L5) -> 0
B11: Поиск кандидата | C11: 2 | D11: =SUMIF(M3:M5,"Поиск кандидата",L3:L5) -> 364200
B12: ИТОГО: | C12: =SUM(C8:C11) -> 18 | D12: =SUM(D8:D11) -> 1821000

Sheet ТОП ИТ
B1: 2026 | C1: 2027 | D1: 2028 | E1: 2029 | F1: 2030
A2: МФТИ | B2: 36000000
A3: МФТИ | B3: 650000000
A4: ФМТИ | B4: 1000000000
B5: =SUM(B3:B4) -> 1650000000

Sheet Медианные значения МЦ
B2: № Вид участия | C2: Пояснения | D2: Медиана, тыс. руб. | E2: Месяцев на стажировку | F2: Рабочих дней | G2: Астрономических часов | H2: Всего за 2 мес. на 1 студента, часов | I2: 50 студентов | J2: 100 студентов | K2: 200 студентов
E3: 2 | F3: =20*E3 -> 40 | G3: 4 | H3: =F3*G3 -> 160 | I3: =H3*50*800 -> 6400000 | J3: =H3*100*800 -> 12800000 | K3: =H3*200*800 -> 25600000
A4: 1. | B4: Привлечение сотрудников ИТ-компании для преподавания в вузе курсов, модулей, дисциплин, связанных с ИТ (далее - ИТ -дисциплины) | C4: Один академический час преподавания сотрудника ИТ-компании | D4: 4.14
A5: 2. | B5: Разработка и экспертиза ИТ-компаниями образовательных программ высшего образования по ИТ-специальностям | C5: Разработка одной образовательной программы | D5: 2039.85
C6: Актуализация одной образовательной программы | D6: 626.11
C7: Экспертиза одной образовательной программы | D7: 312.3
A8: 3. | B8: Разработка/актуализация и экспертиза рабочих программ ИТ-дисциплин для включения в образовательные программы высшего образования | C8: Разработка одной рабочей программы | D8: 300
C9: Актуализация одной рабочей программы | D9: 160
C10: Экспертиза одной рабочей программы | D10: 55
A11: 4. | B11: Стажировка студентов, обучающихся по ИТ- специальностям с закреплением за каждым стажером наставника от ИТ-компании | C11: Один астрономический час стажировки одного ИТ-студента | D11: 0.8 | H11: =H3*D11 -> 128
C12: Сопровождение стажировки закрепленным наставником | D12: 2.39 | H12: =D12 -> 2.39
A13: 5. | B13: Привлечение сотрудников ИТ-компании для преподавания в колледже ИТ-дисциплин | C13: Один академический час преподавания сотрудника ИТ-компании | D13: 3.9
A14: 6. | B14: Разработка и экспертиза ИТ-компаниями образовательных программ среднего профессионального образования по ИТ-специальностям (далее - СПО) | C14: Разработка одной образовательной программы | D14: 1731.36
C15: Актуализация одной образовательной программы | D15: 427.44
C16: Экспертиза одной образовательной программы | D16: 171
A17: 7. | B17: Разработка/актуализация и экспертиза рабочих программ ИТ-дисциплин для включения в образовательные программы СПО | C17: Разработка одной рабочей программы | D17: 270.75
C18: Актуализация одной рабочей программы | D18: 150
C19: Экспертиза одной рабочей программы | D19: 58.06
A20: 8. | B20: Стажировка студентов, обучающихся по программам СПО по ИТ-специальностям с закреплением за каждым стажером наставника от ИТ- компании | C20: Один астрономический час стажировки одного ИТ-студента | D20: 0.8
C21: Сопровождение стажировки закрепленным наставником | D21: 2.39
A22: 9. | B22: Проведение ИТ-компанией кружков и секций для школьников 7-11 классов на базе организаций общего образования по направлению информатика, программирование и роботехника, ИИ, ИБ | C22: Разработка одной образовательной программы | D22: 530.89
C23: Один академический час преподавания сотрудника ИТ-компании | D23: 4.26
A24: 10. | B24: Предоставление образовательного контента для школьников, студентов СПО и учителей на образовательных платформах по направлению информатика, программирование и роботехника, ИИ, ИБ | C24: Один месяц доступа одного школьника к образовательной платформе | D24: 6.8
C25: Один месяц доступа одного студента СПО к образовательной платформе | D25: 5.33
C26: Один месяц доступа одного учителя к образовательной платформе | D26: 8.59
